"DESCRIPTION","DURATION IN MS","NAME","PARENT SUITE","START TIME","STATUS","STOP TIME","SUB SUITE","SUITE","TEST CLASS","TEST METHOD"
"","794","Books category page loads without error","chromium","2026-10-04","passed","2026-10-04","Browse: Discover Sub-Categories","browse.spec.ts","",""
"","728","No 'Publisher Profile' page — Publisher is internal-only (PB Q16)","chromium","2026-10-04","passed","2026-10-04","PB: Author Profile Rules (PB §6.10, Q15, Q16)","product-bible.spec.ts","",""
"","1830","Homepage book cover images load from R2","mobile-chrome","2026-10-04","failed","2026-10-04","Smoke: Image Delivery (Cloudflare R2)","smoke.spec.ts","",""
"","1506","Section 'See More' links are present — max 10 per section (PB §6.1)","chromium","2026-10-04","failed","2026-10-04","PB: Home Screen Sections (PB §6.1)","product-bible.spec.ts","",""
"","70","Login responds within 5 seconds","chromium","2026-10-04","passed","2026-10-04","API: Response Time Benchmarks","api.spec.ts","",""
"","1508","Home (/) returns 200 and loads","mobile-chrome","2026-10-04","passed","2026-10-04","Smoke: Public Pages Load","smoke.spec.ts","",""
"","1719","HTTP redirects to HTTPS","mobile-chrome","2026-10-04","passed","2026-10-04","Smoke: SSL & Security Headers","smoke.spec.ts","",""
"","1031","Events (/events) returns 200 and loads","chromium","2026-10-04","passed","2026-10-04","Smoke: Public Pages Load","smoke.spec.ts","",""
"","1218","Coral #E8735A used for section headers only — not CTA button fills (PB §10.2)","chromium","2026-10-04","passed","2026-10-04","PB: Home Screen Sections (PB §6.1)","product-bible.spec.ts","",""
"","587","Comics category page loads without error","chromium","2026-10-04","passed","2026-10-04","Browse: Discover Sub-Categories","browse.spec.ts","",""
"","42","/press returns 200","chromium","2026-10-04","passed","2026-10-04","API: HTTP Status Codes","api.spec.ts","",""
"","15843","Sign up link navigates to /register","chromium","2026-10-04","failed","2026-10-04","Auth: Login Page UI","auth.spec.ts","",""
"","142","Security response headers are present","mobile-chrome","2026-10-04","passed","2026-10-04","Smoke: SSL & Security Headers","smoke.spec.ts","",""
"","2123","Discover Audiobooks (/discover/audiobooks) returns 200 and loads","mobile-chrome","2026-10-04","passed","2026-10-04","Smoke: Public Pages Load","smoke.spec.ts","",""
"","650","Page has exactly one h1 tag","chromium","2026-10-04","passed","2026-10-04","Accessibility: Semantic HTML","accessibility.spec.ts","",""
"","3051","'Junior' terminology used — not 'Kids' or 'Children' (PB §1.3)","mobile-chrome","2026-10-04","passed","2026-10-04","PB: Subscription Tiers in UI (PB §1.3, v4.6)","product-bible.spec.ts","",""
"","1432","Forgot Password (/forgot-password) returns 200 and loads","chromium","2026-10-04","passed","2026-10-04","Smoke: Public Pages Load","smoke.spec.ts","",""
"","1419","Discover — DOMContentLoaded within 3s","chromium","2026-10-04","passed","2026-10-04","Performance: Page Load Times","performance.spec.ts","",""
"","11362","Discover section includes: Books, Audiobooks, Periodicals, Comics, Documents","chromium","2026-10-04","failed","2026-10-04","PB: Web Navigation Structure (PB §5.2)","product-bible.spec.ts","",""
"","16014","After login, Sign Out is in profile dropdown only per PB §5.2","chromium","2026-10-04","failed","2026-10-04","Auth: Successful Login Flow","auth.spec.ts","",""
"","1854","No 'Publisher Profile' page — Publisher is internal-only (PB Q16)","mobile-chrome","2026-10-04","passed","2026-10-04","PB: Author Profile Rules (PB §6.10, Q15, Q16)","product-bible.spec.ts","",""
"","1831","Audiobooks category page loads without error","mobile-chrome","2026-10-04","passed","2026-10-04","Browse: Discover Sub-Categories","browse.spec.ts","",""
"","99","Response headers do not expose server technology details","chromium","2026-10-04","passed","2026-10-04","Security: Information Disclosure","security.spec.ts","",""
"","214","/library without auth returns 200 with login content or redirects","chromium","2026-10-04","failed","2026-10-04","API: Auth-Gated Routes Return Redirect (not 200)","api.spec.ts","",""
"","1276","Cookies have appropriate flags","chromium","2026-10-04","passed","2026-10-04","API: Security Headers","api.spec.ts","",""
"","1949","/login loads within 5 seconds","mobile-chrome","2026-10-04","passed","2026-10-04","Smoke: Response Times","smoke.spec.ts","",""
"","1046","No EPUB / PDF / MP3 format names appear in UI (PB §10.5)","chromium","2026-10-04","passed","2026-10-04","PB: Home Screen Sections (PB §6.1)","product-bible.spec.ts","",""
"","1583","Age rating appears on book detail (PB §2.4)","chromium","2026-10-04","passed","2026-10-04","PB: Book Detail Page Spec (PB §6.3)","product-bible.spec.ts","",""
"","15766","After login, Library is accessible without redirect","chromium","2026-10-04","failed","2026-10-04","Auth: Successful Login Flow","auth.spec.ts","",""
"","16133","Forgot password link navigates to /forgot-password","chromium","2026-10-04","failed","2026-10-04","Auth: Login Page UI","auth.spec.ts","",""
"","2195","Site title contains 'Paygees' (PB header)","chromium","2026-10-04","passed","2026-10-04","PB: Brand Identity (§10.1, §10.2)","product-bible.spec.ts","",""
"","1494","Sign Up (/register) returns 200 and loads","chromium","2026-10-04","passed","2026-10-04","Smoke: Public Pages Load","smoke.spec.ts","",""
"","1498","All internal links use consistent domain (no mixed domains)","chromium","2026-10-04","passed","2026-10-04","SEO: Technical SEO","seo.spec.ts","",""
"","3391","Book detail page has a meta description","chromium","2026-10-04","passed","2026-10-04","SEO: Meta Tags","seo.spec.ts","",""
"","1894","Privacy Policy (/privacy) returns 200 and loads","chromium","2026-10-04","passed","2026-10-04","Smoke: Public Pages Load","smoke.spec.ts","",""
"","11344","Login page renders all required elements","chromium","2026-10-04","failed","2026-10-04","Auth: Login Page UI","auth.spec.ts","",""
"","3506","Free label appears for free books (PB §1.3)","mobile-chrome","2026-10-04","failed","2026-10-04","PB: Book Detail Page Spec (PB §6.3)","product-bible.spec.ts","",""
"","12127","Sections use 'See More' / 'View All' links per PB §6.1 (max 10 per section)","mobile-chrome","2026-10-04","failed","2026-10-04","Browse: Homepage Sections (PB §6.1)","browse.spec.ts","",""
"","1111","Book Detail — Full load within 5s","chromium","2026-10-04","passed","2026-10-04","Performance: Page Load Times","performance.spec.ts","",""
"","12552","Discover page loads and shows content","mobile-chrome","2026-10-04","failed","2026-10-04","Browse: Discover Screen (PB §6.8)","browse.spec.ts","",""
"","1005","Careers (/careers) returns 200 and loads","chromium","2026-10-04","passed","2026-10-04","Smoke: Public Pages Load","smoke.spec.ts","",""
"","835","/register loads within 5 seconds","chromium","2026-10-04","passed","2026-10-04","Smoke: Response Times","smoke.spec.ts","",""
"","1669","Junior is not presented as a comparable standalone subscription tier","chromium","2026-10-04","passed","2026-10-04","PB: Junior Add-On Model (PB §1.3, §2.3, Q21 — v4.6)","product-bible.spec.ts","",""
"","3068","Junior is NOT presented as a default-included benefit of any tier (PB §1.3, Q21)","mobile-chrome","2026-10-04","passed","2026-10-04","PB: Subscription Tiers in UI (PB §1.3, v4.6)","product-bible.spec.ts","",""
"","15929","Homepage has OG image","chromium","2026-10-04","failed","2026-10-04","SEO: Open Graph Tags","seo.spec.ts","",""
"","1150","Footer contains company and support links (PB §5.2)","chromium","2026-10-04","passed","2026-10-04","PB: Web Navigation Structure (PB §5.2)","product-bible.spec.ts","",""
"","30894","About Paygees (/about) returns 200 and loads","mobile-chrome","2026-10-04","failed","2026-10-04","Smoke: Public Pages Load","smoke.spec.ts","",""
"","94","/admin/users does not expose sensitive data","chromium","2026-10-04","passed","2026-10-04","Security: Admin Route Hardening (PB §11.6)","security.spec.ts","",""
"","15717","Clicking a book card navigates to book detail page","chromium","2026-10-04","failed","2026-10-04","Browse: Authenticated User Flows","browse.spec.ts","",""
"","1998","Books category page loads without error","mobile-chrome","2026-10-04","passed","2026-10-04","Browse: Discover Sub-Categories","browse.spec.ts","",""
"","2920","Bestsellers section is present on homepage","mobile-chrome","2026-10-04","failed","2026-10-04","PB: Home Screen Sections (PB §6.1)","product-bible.spec.ts","",""
"","1031","Homepage — First Contentful Paint (FCP) < 3s","chromium","2026-10-04","passed","2026-10-04","Performance: Web Vitals (via Navigation API)","performance.spec.ts","",""
"","1419","Register page renders key elements","chromium","2026-10-04","failed","2026-10-04","Auth: Registration Page UI","auth.spec.ts","",""
"","428","Homepage loads on simulated slow 3G (African market priority — PB §4.5)","chromium","2026-10-04","passed","2026-10-04","Performance: Resource Loading","performance.spec.ts","",""
"","16922","'Creator' term does not appear in UI — banned platform-wide per PB Q16","mobile-chrome","2026-10-04","passed","2026-10-04","PB: Brand Identity (§10.1, §10.2)","product-bible.spec.ts","",""
"","605","Body text is dark on light background (not low contrast)","chromium","2026-10-04","passed","2026-10-04","Accessibility: Colour Contrast","accessibility.spec.ts","",""
"","748","/discover/documents returns 200","chromium","2026-10-04","passed","2026-10-04","API: HTTP Status Codes","api.spec.ts","",""
"","276","/forums without auth returns 200 with login content or redirects","chromium","2026-10-04","failed","2026-10-04","API: Auth-Gated Routes Return Redirect (not 200)","api.spec.ts","",""
"","1900","Log In (/login) returns 200 and loads","mobile-chrome","2026-10-04","passed","2026-10-04","Smoke: Public Pages Load","smoke.spec.ts","",""
"","554","Documents category page loads without error","chromium","2026-10-04","passed","2026-10-04","Browse: Discover Sub-Categories","browse.spec.ts","",""
"","1348","Book title is visible (Priority 1 per PB §6.3)","chromium","2026-10-04","failed","2026-10-04","Browse: Book Detail Page (PB §6.3)","browse.spec.ts","",""
"","1821","Sign Up (/register) returns 200 and loads","mobile-chrome","2026-10-04","passed","2026-10-04","Smoke: Public Pages Load","smoke.spec.ts","",""
"","672","Login form is navigable by keyboard","chromium","2026-10-04","failed","2026-10-04","Accessibility: Keyboard Navigation","accessibility.spec.ts","",""
"","1131","Curated section uses 'Editor's Picks' — not 'Staff Picks' or 'Paygees Picks'","chromium","2026-10-04","passed","2026-10-04","PB: Editor's Picks Naming Canonical Rule (PB §6.1)","product-bible.spec.ts","",""
"","1129","Navigation links are focusable with Tab","chromium","2026-10-04","passed","2026-10-04","Accessibility: Keyboard Navigation","accessibility.spec.ts","",""
"","1390","Author profile pages use /author/ route (PB §6.10)","chromium","2026-10-04","passed","2026-10-04","PB: Author Profile Rules (PB §6.10, Q15, Q16)","product-bible.spec.ts","",""
"","304","robots.txt is accessible","chromium","2026-10-04","passed","2026-10-04","API: Next.js Infrastructure","api.spec.ts","",""
"","1084","No 500 errors on any public page","chromium","2026-10-04","passed","2026-10-04","API: Next.js Infrastructure","api.spec.ts","",""
"","11278","/settings is protected — unauthenticated access redirects to login","chromium","2026-10-04","failed","2026-10-04","Security: Auth Protection","security.spec.ts","",""
"","1108","Homepage renders Bestsellers section","chromium","2026-10-04","failed","2026-10-04","Browse: Homepage Sections (PB §6.1)","browse.spec.ts","",""
"","1892","News (/news) returns 200 and loads","mobile-chrome","2026-10-04","passed","2026-10-04","Smoke: Public Pages Load","smoke.spec.ts","",""
"","1607","Homepage — DOMContentLoaded within 3s","chromium","2026-10-04","passed","2026-10-04","Performance: Page Load Times","performance.spec.ts","",""
"","1222","/ loads within 5 seconds","chromium","2026-10-04","passed","2026-10-04","Smoke: Response Times","smoke.spec.ts","",""
"","946","Forums (/forums) returns 200 and loads","chromium","2026-10-04","passed","2026-10-04","Smoke: Public Pages Load","smoke.spec.ts","",""
"","122","/discover/periodicals returns 200","chromium","2026-10-04","passed","2026-10-04","API: HTTP Status Codes","api.spec.ts","",""
"","1478","Press (/press) returns 200 and loads","mobile-chrome","2026-10-04","passed","2026-10-04","Smoke: Public Pages Load","smoke.spec.ts","",""
"","11301","/library redirects unauthenticated user to /login","mobile-chrome","2026-10-04","failed","2026-10-04","Smoke: Auth-Gated Routes Redirect","smoke.spec.ts","",""
"","351","sitemap.xml is accessible","chromium","2026-10-04","passed","2026-10-04","API: Next.js Infrastructure","api.spec.ts","",""
"","16057","Valid credentials log in and redirect to app","chromium","2026-10-04","failed","2026-10-04","Auth: Successful Login Flow","auth.spec.ts","",""
"","1532","Discover Books (/discover/books) returns 200 and loads","chromium","2026-10-04","passed","2026-10-04","Smoke: Public Pages Load","smoke.spec.ts","",""
"","16731","Book detail page has OG tags with book info","chromium","2026-10-04","failed","2026-10-04","SEO: Open Graph Tags","seo.spec.ts","",""
"","1108","Junior is NOT presented as a default-included benefit of any tier (PB §1.3, Q21)","chromium","2026-10-04","passed","2026-10-04","PB: Subscription Tiers in UI (PB §1.3, v4.6)","product-bible.spec.ts","",""
"","1338","Error pages do not expose stack traces","chromium","2026-10-04","passed","2026-10-04","Security: Information Disclosure","security.spec.ts","",""
"","2772","Book title is visible (Priority 1 per PB §6.3)","mobile-chrome","2026-10-04","failed","2026-10-04","Browse: Book Detail Page (PB §6.3)","browse.spec.ts","",""
"","1093","Blog (/blog) returns 200 and loads","chromium","2026-10-04","passed","2026-10-04","Smoke: Public Pages Load","smoke.spec.ts","",""
"","2031","Book cards show content type label (Book/Comic/Audiobook)","chromium","2026-10-04","passed","2026-10-04","Browse: Homepage Sections (PB §6.1)","browse.spec.ts","",""
"","1177","Forgot password page renders email input and submit","chromium","2026-10-04","failed","2026-10-04","Auth: Forgot Password Flow","auth.spec.ts","",""
"","50","/blog returns 200","chromium","2026-10-04","passed","2026-10-04","API: HTTP Status Codes","api.spec.ts","",""
"","314","/admin does not expose sensitive data","chromium","2026-10-04","passed","2026-10-04","Security: Admin Route Hardening (PB §11.6)","security.spec.ts","",""
"","49","/login returns 200","chromium","2026-10-04","passed","2026-10-04","API: HTTP Status Codes","api.spec.ts","",""
"","278","/settings without auth returns 200 with login content or redirects","chromium","2026-10-04","failed","2026-10-04","API: Auth-Gated Routes Return Redirect (not 200)","api.spec.ts","",""
"","12276","Logo reads 'PAYGEES' (PB §10.1)","mobile-chrome","2026-10-04","failed","2026-10-04","PB: Brand Identity (§10.1, §10.2)","product-bible.spec.ts","",""
"","3658","Preview/Sample button present (Priority 2 per PB §6.3 and §3.9)","mobile-chrome","2026-10-04","passed","2026-10-04","Browse: Book Detail Page (PB §6.3)","browse.spec.ts","",""
"","1624","Documents category page loads without error","mobile-chrome","2026-10-04","passed","2026-10-04","Browse: Discover Sub-Categories","browse.spec.ts","",""
"","31000","Terms of Service (/terms) returns 200 and loads","mobile-chrome","2026-10-04","failed","2026-10-04","Smoke: Public Pages Load","smoke.spec.ts","",""
"","16104","Login page has noindex or appropriate meta (auth pages shouldn't be indexed)","chromium","2026-10-04","failed","2026-10-04","SEO: Meta Tags","seo.spec.ts","",""
"","11254","Discover category navigation links are present","chromium","2026-10-04","failed","2026-10-04","Browse: Discover Screen (PB §6.8)","browse.spec.ts","",""
"","16454","Clicking a book card navigates to book detail page","mobile-chrome","2026-10-04","failed","2026-10-04","Browse: Authenticated User Flows","browse.spec.ts","",""
"","79","/admin does not expose admin panel (PB §11.6)","chromium","2026-10-04","passed","2026-10-04","API: Admin Route Hardening (PB §11.6)","api.spec.ts","",""
"","157","Security response headers are present","chromium","2026-10-04","passed","2026-10-04","Smoke: SSL & Security Headers","smoke.spec.ts","",""
"","721","Login form inputs have labels","chromium","2026-10-04","passed","2026-10-04","Accessibility: Semantic HTML","accessibility.spec.ts","",""
"","1472","Footer shows payment method logos (PB §5.2)","chromium","2026-10-04","failed","2026-10-04","PB: Web Navigation Structure (PB §5.2)","product-bible.spec.ts","",""
"","1170","All internal links use HTTPS or relative paths","chromium","2026-10-04","passed","2026-10-04","Security: HTTPS Enforcement","security.spec.ts","",""
"","4037","Homepage — Largest Contentful Paint (LCP) < 4s","chromium","2026-10-04","passed","2026-10-04","Performance: Web Vitals (via Navigation API)","performance.spec.ts","",""
"","216","/api/admin does not expose sensitive data","chromium","2026-10-04","passed","2026-10-04","Security: Admin Route Hardening (PB §11.6)","security.spec.ts","",""
"","1720","Each book card has a cover image","chromium","2026-10-04","passed","2026-10-04","Browse: Homepage Sections (PB §6.1)","browse.spec.ts","",""
"","2988","File format names do NOT appear — never show EPUB/PDF/MP3 (PB §6.3)","mobile-chrome","2026-10-04","passed","2026-10-04","PB: Book Detail Page Spec (PB §6.3)","product-bible.spec.ts","",""
"","1548","Periodicals category page loads without error","mobile-chrome","2026-10-04","passed","2026-10-04","Browse: Discover Sub-Categories","browse.spec.ts","",""
"","1876","Homepage does not load excessive JavaScript (< 2MB total)","chromium","2026-10-04","passed","2026-10-04","Performance: Resource Loading","performance.spec.ts","",""
"","2320","Footer contains copyright notice for The Book Crunch Limited","mobile-chrome","2026-10-04","passed","2026-10-04","PB: Web Navigation Structure (PB §5.2)","product-bible.spec.ts","",""
"","62","/events returns 200","chromium","2026-10-04","passed","2026-10-04","API: HTTP Status Codes","api.spec.ts","",""
"","11216","/forums is protected — unauthenticated access redirects to login","chromium","2026-10-04","failed","2026-10-04","Security: Auth Protection","security.spec.ts","",""
"","11485","Cover image is large and prominent (Priority 1 per PB §6.3)","chromium","2026-10-04","failed","2026-10-04","Browse: Book Detail Page (PB §6.3)","browse.spec.ts","",""
"","933","Press (/press) returns 200 and loads","chromium","2026-10-04","passed","2026-10-04","Smoke: Public Pages Load","smoke.spec.ts","",""
"","2162","Footer contains company and support links (PB §5.2)","mobile-chrome","2026-10-04","passed","2026-10-04","PB: Web Navigation Structure (PB §5.2)","product-bible.spec.ts","",""
"","1037","Publisher Dashboard not linked from public homepage (PB §5.3)","chromium","2026-10-04","passed","2026-10-04","PB: Information Architecture (PB §5.3)","product-bible.spec.ts","",""
"","433","HTTP redirects to HTTPS","chromium","2026-10-04","passed","2026-10-04","Smoke: SSL & Security Headers","smoke.spec.ts","",""
"","15645","Sign Out is in profile dropdown only — not in top bar directly (PB §5.2)","chromium","2026-10-04","failed","2026-10-04","PB: Information Architecture (PB §5.3)","product-bible.spec.ts","",""
"","10962","/library is protected — unauthenticated access redirects to login","chromium","2026-10-04","failed","2026-10-04","Security: Auth Protection","security.spec.ts","",""
"","1107","All images have alt text","chromium","2026-10-04","passed","2026-10-04","Accessibility: Semantic HTML","accessibility.spec.ts","",""
"","2065","Discover Documents & Research (/discover/documents) returns 200 and loads","mobile-chrome","2026-10-04","passed","2026-10-04","Smoke: Public Pages Load","smoke.spec.ts","",""
"","11508","Homepage has at least one book card visible","chromium","2026-10-04","failed","2026-10-04","Browse: Homepage Sections (PB §6.1)","browse.spec.ts","",""
"","1313","Search input does not reflect raw HTML (basic XSS check)","chromium","2026-10-04","passed","2026-10-04","Security: XSS Prevention","security.spec.ts","",""
"","2973","Forums page does not return a 500 error","mobile-chrome","2026-10-04","passed","2026-10-04","PB: Forum Access Rules (PB §6.6, Q14)","product-bible.spec.ts","",""
"","1315","Admin routes not linked from main site (PB §5.3, §11.6)","chromium","2026-10-04","passed","2026-10-04","PB: Information Architecture (PB §5.3)","product-bible.spec.ts","",""
"","3675","Book cards show content type label (Book/Comic/Audiobook)","mobile-chrome","2026-10-04","passed","2026-10-04","Browse: Homepage Sections (PB §6.1)","browse.spec.ts","",""
"","177","/admin/* returns 404 (not a redirect hint) per PB §11.6","mobile-chrome","2026-10-04","failed","2026-10-04","Smoke: Admin Route Hardening","smoke.spec.ts","",""
"","15824","Library page shows tabs: In Progress, Favorites, Finished, All My Books (PB §6.2)","chromium","2026-10-04","failed","2026-10-04","Browse: Authenticated User Flows","browse.spec.ts","",""
"","1934","Logged-out users see marketing/landing content on homepage","mobile-chrome","2026-10-04","passed","2026-10-04","PB: Information Architecture (PB §5.3)","product-bible.spec.ts","",""
"","2619","Discover Comics & Illustrations (/discover/comics) returns 200 and loads","mobile-chrome","2026-10-04","passed","2026-10-04","Smoke: Public Pages Load","smoke.spec.ts","",""
"","885","No console errors on homepage","chromium","2026-10-04","passed","2026-10-04","Performance: Resource Loading","performance.spec.ts","",""
"","105","/cms does not expose admin panel (PB §11.6)","chromium","2026-10-04","passed","2026-10-04","API: Admin Route Hardening (PB §11.6)","api.spec.ts","",""
"","96","Register responds within 5 seconds","chromium","2026-10-04","passed","2026-10-04","API: Response Time Benchmarks","api.spec.ts","",""
"","2888","Title and author displayed (Priority 1)","mobile-chrome","2026-10-04","failed","2026-10-04","PB: Book Detail Page Spec (PB §6.3)","product-bible.spec.ts","",""
"","127","/about returns 200","chromium","2026-10-04","passed","2026-10-04","API: HTTP Status Codes","api.spec.ts","",""
"","1048","News (/news) returns 200 and loads","chromium","2026-10-04","passed","2026-10-04","Smoke: Public Pages Load","smoke.spec.ts","",""
"","2110","Book detail page loads and is not a 404","mobile-chrome","2026-10-04","passed","2026-10-04","Browse: Book Detail Page (PB §6.3)","browse.spec.ts","",""
"","16214","Sign Out is in profile dropdown only — not in top bar directly (PB §5.2)","mobile-chrome","2026-10-04","failed","2026-10-04","PB: Information Architecture (PB §5.3)","product-bible.spec.ts","",""
"","102","/contact returns 200","chromium","2026-10-04","passed","2026-10-04","API: HTTP Status Codes","api.spec.ts","",""
"","16025","Login with empty fields shows validation","chromium","2026-10-04","failed","2026-10-04","Auth: Login Page UI","auth.spec.ts","",""
"","197","/help returns 200","chromium","2026-10-04","passed","2026-10-04","API: HTTP Status Codes","api.spec.ts","",""
"","2705","Pricing page (if exists) shows the 4 main tiers: Free, Basic, Standard, Premium","mobile-chrome","2026-10-04","failed","2026-10-04","PB: Subscription Tiers in UI (PB §1.3, v4.6)","product-bible.spec.ts","",""
"","3153","Junior is not presented as a comparable standalone subscription tier","mobile-chrome","2026-10-04","passed","2026-10-04","PB: Junior Add-On Model (PB §1.3, §2.3, Q21 — v4.6)","product-bible.spec.ts","",""
"","1506","Careers (/careers) returns 200 and loads","mobile-chrome","2026-10-04","passed","2026-10-04","Smoke: Public Pages Load","smoke.spec.ts","",""
"","12344","/settings redirects unauthenticated user to /login","mobile-chrome","2026-10-04","failed","2026-10-04","Smoke: Auth-Gated Routes Redirect","smoke.spec.ts","",""
"","1012","Content type shown as icon/label — NOT file format (PB §6.3, §10.5)","chromium","2026-10-04","passed","2026-10-04","Browse: Book Detail Page (PB §6.3)","browse.spec.ts","",""
"","1601","Discover (/discover) returns 200 and loads","chromium","2026-10-04","passed","2026-10-04","Smoke: Public Pages Load","smoke.spec.ts","",""
"","589","/register returns 200","chromium","2026-10-04","passed","2026-10-04","API: HTTP Status Codes","api.spec.ts","",""
"","10659","Homepage has a main landmark","chromium","2026-10-04","failed","2026-10-04","Accessibility: Semantic HTML","accessibility.spec.ts","",""
"","82","/wp-admin does not expose admin panel (PB §11.6)","chromium","2026-10-04","passed","2026-10-04","API: Admin Route Hardening (PB §11.6)","api.spec.ts","",""
"","1698","Login page includes Terms & Conditions and Privacy Policy links","chromium","2026-10-04","passed","2026-10-04","Auth: Login Page UI","auth.spec.ts","",""
"","86","/admin/login does not expose admin panel (PB §11.6)","chromium","2026-10-04","passed","2026-10-04","API: Admin Route Hardening (PB §11.6)","api.spec.ts","",""
"","1341","Forums require login — unauthenticated visitors redirected (login is CTA per PB Q14)","chromium","2026-10-04","failed","2026-10-04","PB: Forum Access Rules (PB §6.6, Q14)","product-bible.spec.ts","",""
"","12157","Cover image is large and prominent (Priority 1 per PB §6.3)","mobile-chrome","2026-10-04","failed","2026-10-04","Browse: Book Detail Page (PB §6.3)","browse.spec.ts","",""
"","3515","Each book card has a cover image","mobile-chrome","2026-10-04","passed","2026-10-04","Browse: Homepage Sections (PB §6.1)","browse.spec.ts","",""
"","2687","Register with invalid email shows validation","chromium","2026-10-04","passed","2026-10-04","Auth: Registration Page UI","auth.spec.ts","",""
"","1597","Primary colour #1EAEDB is used — banned #2CB5B5 must not appear (PB §10.2)","chromium","2026-10-04","passed","2026-10-04","PB: Brand Identity (§10.1, §10.2)","product-bible.spec.ts","",""
"","1466","Homepage book cover images load from R2","chromium","2026-10-04","failed","2026-10-04","Smoke: Image Delivery (Cloudflare R2)","smoke.spec.ts","",""
"","11162","Cover image is large and prominent (Priority 1)","chromium","2026-10-04","failed","2026-10-04","PB: Book Detail Page Spec (PB §6.3)","product-bible.spec.ts","",""
"","10712","/forums redirects unauthenticated user to /login","chromium","2026-10-04","failed","2026-10-04","Smoke: Auth-Gated Routes Redirect","smoke.spec.ts","",""
"","1613","/discover loads within 5 seconds","mobile-chrome","2026-10-04","passed","2026-10-04","Smoke: Response Times","smoke.spec.ts","",""
"","11475","/forums redirects unauthenticated user to /login","mobile-chrome","2026-10-04","failed","2026-10-04","Smoke: Auth-Gated Routes Redirect","smoke.spec.ts","",""
"","2335","Site title contains 'Paygees' (PB header)","mobile-chrome","2026-10-04","passed","2026-10-04","PB: Brand Identity (§10.1, §10.2)","product-bible.spec.ts","",""
"","30812","Help Centre (/help) returns 200 and loads","mobile-chrome","2026-10-04","failed","2026-10-04","Smoke: Public Pages Load","smoke.spec.ts","",""
"","2638","Guardian Dashboard is not linked to logged-out users (PB §5.3)","mobile-chrome","2026-10-04","passed","2026-10-04","PB: Junior Add-On Model (PB §1.3, §2.3, Q21 — v4.6)","product-bible.spec.ts","",""
"","1546","Title and author displayed (Priority 1)","chromium","2026-10-04","failed","2026-10-04","PB: Book Detail Page Spec (PB §6.3)","product-bible.spec.ts","",""
"","270","/discover/audiobooks returns 200","chromium","2026-10-04","passed","2026-10-04","API: HTTP Status Codes","api.spec.ts","",""
"","1207","Register — Full load within 5s","chromium","2026-10-04","passed","2026-10-04","Performance: Page Load Times","performance.spec.ts","",""
"","1181","Forums page does not return a 500 error","chromium","2026-10-04","passed","2026-10-04","PB: Forum Access Rules (PB §6.6, Q14)","product-bible.spec.ts","",""
"","15709","Library page has search within library (PB §6.2)","chromium","2026-10-04","failed","2026-10-04","Browse: Authenticated User Flows","browse.spec.ts","",""
"","641","Login redirect param to external domain is ignored","chromium","2026-10-04","failed","2026-10-04","Security: Open Redirect Prevention","security.spec.ts","",""
"","991","Logged-out users see marketing/landing content on homepage","chromium","2026-10-04","passed","2026-10-04","PB: Information Architecture (PB §5.3)","product-bible.spec.ts","",""
"","1085","Guardian Dashboard is not linked to logged-out users (PB §5.3)","chromium","2026-10-04","passed","2026-10-04","PB: Junior Add-On Model (PB §1.3, §2.3, Q21 — v4.6)","product-bible.spec.ts","",""
"","94","Homepage includes content security or transport headers","chromium","2026-10-04","passed","2026-10-04","API: Security Headers","api.spec.ts","",""
"","4201","R2 signed URLs on homepage load successfully","chromium","2026-10-04","passed","2026-10-04","API: Cloudflare R2 Image Delivery","api.spec.ts","",""
"","731","Book Detail — DOMContentLoaded within 3s","chromium","2026-10-04","passed","2026-10-04","Performance: Page Load Times","performance.spec.ts","",""
"","11185","Discover page loads and shows content","chromium","2026-10-04","failed","2026-10-04","Browse: Discover Screen (PB §6.8)","browse.spec.ts","",""
"","2137","Junior add-on available to Free tier — not exclusive to paid tiers (PB §1.3, Q21)","mobile-chrome","2026-10-04","passed","2026-10-04","PB: Junior Add-On Model (PB §1.3, §2.3, Q21 — v4.6)","product-bible.spec.ts","",""
"","31221","Contact Us (/contact) returns 200 and loads","mobile-chrome","2026-10-04","failed","2026-10-04","Smoke: Public Pages Load","smoke.spec.ts","",""
"","3079","Submitting forgot password with valid email shows confirmation, not error","chromium","2026-10-04","passed","2026-10-04","Auth: Forgot Password Flow","auth.spec.ts","",""
"","195","/.env does not expose sensitive data","chromium","2026-10-04","passed","2026-10-04","Security: Admin Route Hardening (PB §11.6)","security.spec.ts","",""
"","1380","Price or Free label is displayed (Priority 2 per PB §6.3)","chromium","2026-10-04","passed","2026-10-04","Browse: Book Detail Page (PB §6.3)","browse.spec.ts","",""
"","947","Junior add-on available to Free tier — not exclusive to paid tiers (PB §1.3, Q21)","chromium","2026-10-04","passed","2026-10-04","PB: Junior Add-On Model (PB §1.3, §2.3, Q21 — v4.6)","product-bible.spec.ts","",""
"","12222","Homepage has at least one book card visible","mobile-chrome","2026-10-04","failed","2026-10-04","Browse: Homepage Sections (PB §6.1)","browse.spec.ts","",""
"","16813","Library page has search within library (PB §6.2)","mobile-chrome","2026-10-04","failed","2026-10-04","Browse: Authenticated User Flows","browse.spec.ts","",""
"","163","/.env.local does not expose sensitive data","chromium","2026-10-04","passed","2026-10-04","Security: Admin Route Hardening (PB §11.6)","security.spec.ts","",""
"","1070","/discover loads within 5 seconds","chromium","2026-10-04","passed","2026-10-04","Smoke: Response Times","smoke.spec.ts","",""
"","2170","Age rating is displayed (PB §2.4)","mobile-chrome","2026-10-04","passed","2026-10-04","Browse: Book Detail Page (PB §6.3)","browse.spec.ts","",""
"","1306","Footer contains copyright notice for The Book Crunch Limited","chromium","2026-10-04","passed","2026-10-04","PB: Web Navigation Structure (PB §5.2)","product-bible.spec.ts","",""
"","40","/careers returns 200","chromium","2026-10-04","passed","2026-10-04","API: HTTP Status Codes","api.spec.ts","",""
"","16176","'Creator' term does not appear in UI — banned platform-wide per PB Q16","chromium","2026-10-04","passed","2026-10-04","PB: Brand Identity (§10.1, §10.2)","product-bible.spec.ts","",""
"","104","/admin/login does not expose sensitive data","chromium","2026-10-04","passed","2026-10-04","Security: Admin Route Hardening (PB §11.6)","security.spec.ts","",""
"","30936","Terms of Service (/terms) returns 200 and loads","chromium","2026-10-04","failed","2026-10-04","Smoke: Public Pages Load","smoke.spec.ts","",""
"","1838","Forgot Password (/forgot-password) returns 200 and loads","mobile-chrome","2026-10-04","passed","2026-10-04","Smoke: Public Pages Load","smoke.spec.ts","",""
"","1646","Primary colour #1EAEDB is used — banned #2CB5B5 must not appear (PB §10.2)","mobile-chrome","2026-10-04","passed","2026-10-04","PB: Brand Identity (§10.1, §10.2)","product-bible.spec.ts","",""
"","99","/discover/comics returns 200","chromium","2026-10-04","passed","2026-10-04","API: HTTP Status Codes","api.spec.ts","",""
"","657","Periodicals category page loads without error","chromium","2026-10-04","passed","2026-10-04","Browse: Discover Sub-Categories","browse.spec.ts","",""
"","288","sitemap.xml is valid XML if present","chromium","2026-10-04","failed","2026-10-04","SEO: Technical SEO","seo.spec.ts","",""
"","1940","Tagline 'Affordable | Accessible | Available' is present (PB §4.1)","chromium","2026-10-04","passed","2026-10-04","PB: Brand Identity (§10.1, §10.2)","product-bible.spec.ts","",""
"","11703","Sections use 'See More' / 'View All' links per PB §6.1 (max 10 per section)","chromium","2026-10-04","failed","2026-10-04","Browse: Homepage Sections (PB §6.1)","browse.spec.ts","",""
"","2544","Footer shows payment method logos (PB §5.2)","mobile-chrome","2026-10-04","failed","2026-10-04","PB: Web Navigation Structure (PB §5.2)","product-bible.spec.ts","",""
"","1341","Author name is visible and clickable (Priority 1 per PB §6.3)","chromium","2026-10-04","failed","2026-10-04","Browse: Book Detail Page (PB §6.3)","browse.spec.ts","",""
"","31565","About Paygees (/about) returns 200 and loads","chromium","2026-10-04","failed","2026-10-04","Smoke: Public Pages Load","smoke.spec.ts","",""
"","1507","Discover Books (/discover/books) returns 200 and loads","mobile-chrome","2026-10-04","passed","2026-10-04","Smoke: Public Pages Load","smoke.spec.ts","",""
"","1194","Pricing page (if exists) shows the 4 main tiers: Free, Basic, Standard, Premium","chromium","2026-10-04","failed","2026-10-04","PB: Subscription Tiers in UI (PB §1.3, v4.6)","product-bible.spec.ts","",""
"","2103","Forums require login — unauthenticated visitors redirected (login is CTA per PB Q14)","mobile-chrome","2026-10-04","failed","2026-10-04","PB: Forum Access Rules (PB §6.6, Q14)","product-bible.spec.ts","",""
"","1762","Homepage renders Bestsellers section","mobile-chrome","2026-10-04","failed","2026-10-04","Browse: Homepage Sections (PB §6.1)","browse.spec.ts","",""
"","1180","Login — Full load within 5s","chromium","2026-10-04","passed","2026-10-04","Performance: Page Load Times","performance.spec.ts","",""
"","1000","Age rating is displayed (PB §2.4)","chromium","2026-10-04","passed","2026-10-04","Browse: Book Detail Page (PB §6.3)","browse.spec.ts","",""
"","711","Homepage has OG title","chromium","2026-10-04","passed","2026-10-04","SEO: Open Graph Tags","seo.spec.ts","",""
"","1431","Register page includes T&C consent text per PB","chromium","2026-10-04","passed","2026-10-04","Auth: Registration Page UI","auth.spec.ts","",""
"","940","Book detail page loads and is not a 404","chromium","2026-10-04","passed","2026-10-04","Browse: Book Detail Page (PB §6.3)","browse.spec.ts","",""
"","1871","Discover — Full load within 5s","chromium","2026-10-04","passed","2026-10-04","Performance: Page Load Times","performance.spec.ts","",""
"","12842","Top navigation includes: Home, Library, News, Events, Forums","mobile-chrome","2026-10-04","failed","2026-10-04","PB: Web Navigation Structure (PB §5.2)","product-bible.spec.ts","",""
"","347","/ returns 200","chromium","2026-10-04","passed","2026-10-04","API: HTTP Status Codes","api.spec.ts","",""
"","89","/admin/finance does not expose sensitive data","chromium","2026-10-04","passed","2026-10-04","Security: Admin Route Hardening (PB §11.6)","security.spec.ts","",""
"","30834","Help Centre (/help) returns 200 and loads","chromium","2026-10-04","failed","2026-10-04","Smoke: Public Pages Load","smoke.spec.ts","",""
"","2828","Curated section uses 'Editor's Picks' — not 'Staff Picks' or 'Paygees Picks'","mobile-chrome","2026-10-04","passed","2026-10-04","PB: Editor's Picks Naming Canonical Rule (PB §6.1)","product-bible.spec.ts","",""
"","11095","Logo reads 'PAYGEES' (PB §10.1)","chromium","2026-10-04","failed","2026-10-04","PB: Brand Identity (§10.1, §10.2)","product-bible.spec.ts","",""
"","31033","Privacy Policy (/privacy) returns 200 and loads","mobile-chrome","2026-10-04","failed","2026-10-04","Smoke: Public Pages Load","smoke.spec.ts","",""
"","737","Login — DOMContentLoaded within 3s","chromium","2026-10-04","passed","2026-10-04","Performance: Page Load Times","performance.spec.ts","",""
"","2284","/ loads within 5 seconds","mobile-chrome","2026-10-04","passed","2026-10-04","Smoke: Response Times","smoke.spec.ts","",""
"","260","favicon is served","chromium","2026-10-04","passed","2026-10-04","API: Next.js Infrastructure","api.spec.ts","",""
"","2592","Discover Periodicals (/discover/periodicals) returns 200 and loads","mobile-chrome","2026-10-04","passed","2026-10-04","Smoke: Public Pages Load","smoke.spec.ts","",""
"","12026","Homepage contains 'Discover More' or equivalent CTA","mobile-chrome","2026-10-04","failed","2026-10-04","Browse: Homepage Sections (PB §6.1)","browse.spec.ts","",""
"","722","Card details are never displayed in any page response (PB §11.5)","chromium","2026-10-04","passed","2026-10-04","Security: Cookie Configuration (PB §11.5)","security.spec.ts","",""
"","2487","No EPUB / PDF / MP3 format names appear in UI (PB §10.5)","mobile-chrome","2026-10-04","passed","2026-10-04","PB: Home Screen Sections (PB §6.1)","product-bible.spec.ts","",""
"","1489","Discover (/discover) returns 200 and loads","mobile-chrome","2026-10-04","passed","2026-10-04","Smoke: Public Pages Load","smoke.spec.ts","",""
"","2566","Author name is visible and clickable (Priority 1 per PB §6.3)","mobile-chrome","2026-10-04","failed","2026-10-04","Browse: Book Detail Page (PB §6.3)","browse.spec.ts","",""
"","6026","Homepage — Cumulative Layout Shift (CLS) < 0.1","chromium","2026-10-04","passed","2026-10-04","Performance: Web Vitals (via Navigation API)","performance.spec.ts","",""
"","10852","/settings redirects unauthenticated user to /login","chromium","2026-10-04","failed","2026-10-04","Smoke: Auth-Gated Routes Redirect","smoke.spec.ts","",""
"","1055","Discover Comics & Illustrations (/discover/comics) returns 200 and loads","chromium","2026-10-04","passed","2026-10-04","Smoke: Public Pages Load","smoke.spec.ts","",""
"","1817","Admin routes not linked from main site (PB §5.3, §11.6)","mobile-chrome","2026-10-04","passed","2026-10-04","PB: Information Architecture (PB §5.3)","product-bible.spec.ts","",""
"","2750","Section 'See More' links are present — max 10 per section (PB §6.1)","mobile-chrome","2026-10-04","failed","2026-10-04","PB: Home Screen Sections (PB §6.1)","product-bible.spec.ts","",""
"","1331","Homepage has a nav landmark","chromium","2026-10-04","passed","2026-10-04","Accessibility: Semantic HTML","accessibility.spec.ts","",""
"","90","/dashboard/admin does not expose admin panel (PB §11.6)","chromium","2026-10-04","passed","2026-10-04","API: Admin Route Hardening (PB §11.6)","api.spec.ts","",""
"","1728","Comics category page loads without error","mobile-chrome","2026-10-04","passed","2026-10-04","Browse: Discover Sub-Categories","browse.spec.ts","",""
"","11180","Homepage contains 'Discover More' or equivalent CTA","chromium","2026-10-04","failed","2026-10-04","Browse: Homepage Sections (PB §6.1)","browse.spec.ts","",""
"","11526","Top navigation includes: Home, Library, News, Events, Forums","chromium","2026-10-04","failed","2026-10-04","PB: Web Navigation Structure (PB §5.2)","product-bible.spec.ts","",""
"","1879","Homepage — Full load within 5s","chromium","2026-10-04","passed","2026-10-04","Performance: Page Load Times","performance.spec.ts","",""
"","680","/terms returns 200","chromium","2026-10-04","passed","2026-10-04","API: HTTP Status Codes","api.spec.ts","",""
"","249","robots.txt is present and allows crawling","chromium","2026-10-04","failed","2026-10-04","SEO: Technical SEO","seo.spec.ts","",""
"","1454","Discover Audiobooks (/discover/audiobooks) returns 200 and loads","chromium","2026-10-04","passed","2026-10-04","Smoke: Public Pages Load","smoke.spec.ts","",""
"","15638","Forums page requires login — redirects unauthenticated users (PB §6.6, Q14)","chromium","2026-10-04","failed","2026-10-04","Browse: Authenticated User Flows","browse.spec.ts","",""
"","74","/forums returns 200","chromium","2026-10-04","passed","2026-10-04","API: HTTP Status Codes","api.spec.ts","",""
"","1364","File format names do NOT appear — never show EPUB/PDF/MP3 (PB §6.3)","chromium","2026-10-04","passed","2026-10-04","PB: Book Detail Page Spec (PB §6.3)","product-bible.spec.ts","",""
"","12739","Cover image is large and prominent (Priority 1)","mobile-chrome","2026-10-04","failed","2026-10-04","PB: Book Detail Page Spec (PB §6.3)","product-bible.spec.ts","",""
"","16205","Login with wrong credentials shows error, not 500","chromium","2026-10-04","failed","2026-10-04","Auth: Login Page UI","auth.spec.ts","",""
"","2555","Coral #E8735A used for section headers only — not CTA button fills (PB §10.2)","mobile-chrome","2026-10-04","passed","2026-10-04","PB: Home Screen Sections (PB §6.1)","product-bible.spec.ts","",""
"","347","/admin/* returns 404 (not a redirect hint) per PB §11.6","chromium","2026-10-04","failed","2026-10-04","Smoke: Admin Route Hardening","smoke.spec.ts","",""
"","16884","Library page shows tabs: In Progress, Favorites, Finished, All My Books (PB §6.2)","mobile-chrome","2026-10-04","failed","2026-10-04","Browse: Authenticated User Flows","browse.spec.ts","",""
"","10915","/library redirects unauthenticated user to /login","chromium","2026-10-04","failed","2026-10-04","Smoke: Auth-Gated Routes Redirect","smoke.spec.ts","",""
"","2422","Events (/events) returns 200 and loads","mobile-chrome","2026-10-04","passed","2026-10-04","Smoke: Public Pages Load","smoke.spec.ts","",""
"","416","/discover/books returns 200","chromium","2026-10-04","passed","2026-10-04","API: HTTP Status Codes","api.spec.ts","",""
"","76","Discover responds within 5 seconds","chromium","2026-10-04","passed","2026-10-04","API: Response Time Benchmarks","api.spec.ts","",""
"","15629","Interactive elements show visible focus ring","chromium","2026-10-04","failed","2026-10-04","Accessibility: Focus Indicators","accessibility.spec.ts","",""
"","16272","Homepage has a canonical URL","chromium","2026-10-04","failed","2026-10-04","SEO: Canonical URLs","seo.spec.ts","",""
"","708","Login redirect param cannot be used to redirect to external site","chromium","2026-10-04","failed","2026-10-04","Security: Open Redirect Prevention","security.spec.ts","",""
"","15764","Logged-in Free user can access forums (PB Q14 — read + reply access)","chromium","2026-10-04","failed","2026-10-04","PB: Forum Access Rules (PB §6.6, Q14)","product-bible.spec.ts","",""
"","1914","Publisher Dashboard not linked from public homepage (PB §5.3)","mobile-chrome","2026-10-04","passed","2026-10-04","PB: Information Architecture (PB §5.3)","product-bible.spec.ts","",""
"","1527","/register loads within 5 seconds","mobile-chrome","2026-10-04","passed","2026-10-04","Smoke: Response Times","smoke.spec.ts","",""
"","1554","Blog (/blog) returns 200 and loads","mobile-chrome","2026-10-04","passed","2026-10-04","Smoke: Public Pages Load","smoke.spec.ts","",""
"","81","/news returns 200","chromium","2026-10-04","passed","2026-10-04","API: HTTP Status Codes","api.spec.ts","",""
"","2636","Content type shown as icon/label — NOT file format (PB §6.3, §10.5)","mobile-chrome","2026-10-04","passed","2026-10-04","Browse: Book Detail Page (PB §6.3)","browse.spec.ts","",""
"","320","/discover returns 200","chromium","2026-10-04","passed","2026-10-04","API: HTTP Status Codes","api.spec.ts","",""
"","76","Homepage responds within 5 seconds","chromium","2026-10-04","passed","2026-10-04","API: Response Time Benchmarks","api.spec.ts","",""
"","1179","Bestsellers section is present on homepage","chromium","2026-10-04","failed","2026-10-04","PB: Home Screen Sections (PB §6.1)","product-bible.spec.ts","",""
"","1718","Site serves over HTTPS","mobile-chrome","2026-10-04","passed","2026-10-04","Smoke: SSL & Security Headers","smoke.spec.ts","",""
"","1067","'Junior' terminology used — not 'Kids' or 'Children' (PB §1.3)","chromium","2026-10-04","passed","2026-10-04","PB: Subscription Tiers in UI (PB §1.3, v4.6)","product-bible.spec.ts","",""
"","2582","Homepage has a meta description","chromium","2026-10-04","passed","2026-10-04","SEO: Meta Tags","seo.spec.ts","",""
"","1721","Home (/) returns 200 and loads","chromium","2026-10-04","passed","2026-10-04","Smoke: Public Pages Load","smoke.spec.ts","",""
"","569","Site serves over HTTPS","chromium","2026-10-04","passed","2026-10-04","Smoke: SSL & Security Headers","smoke.spec.ts","",""
"","12387","Discover section includes: Books, Audiobooks, Periodicals, Comics, Documents","mobile-chrome","2026-10-04","failed","2026-10-04","PB: Web Navigation Structure (PB §5.2)","product-bible.spec.ts","",""
"","1285","Log In (/login) returns 200 and loads","chromium","2026-10-04","passed","2026-10-04","Smoke: Public Pages Load","smoke.spec.ts","",""
"","2206","Tagline 'Affordable | Accessible | Available' is present (PB §4.1)","mobile-chrome","2026-10-04","passed","2026-10-04","PB: Brand Identity (§10.1, §10.2)","product-bible.spec.ts","",""
"","3023","Price or Free label is displayed (Priority 2 per PB §6.3)","mobile-chrome","2026-10-04","passed","2026-10-04","Browse: Book Detail Page (PB §6.3)","browse.spec.ts","",""
"","1068","Discover Documents & Research (/discover/documents) returns 200 and loads","chromium","2026-10-04","passed","2026-10-04","Smoke: Public Pages Load","smoke.spec.ts","",""
"","1168","Pick 3 genres flow is present for new users (mandatory per PB)","chromium","2026-10-04","passed","2026-10-04","Auth: Day 1 New User Flow (PB §4.7)","auth.spec.ts","",""
"","1406","Free label appears for free books (PB §1.3)","chromium","2026-10-04","failed","2026-10-04","PB: Book Detail Page Spec (PB §6.3)","product-bible.spec.ts","",""
"","830","Audiobooks category page loads without error","chromium","2026-10-04","passed","2026-10-04","Browse: Discover Sub-Categories","browse.spec.ts","",""
"","942","/login loads within 5 seconds","chromium","2026-10-04","passed","2026-10-04","Smoke: Response Times","smoke.spec.ts","",""
"","2159","Age rating appears on book detail (PB §2.4)","mobile-chrome","2026-10-04","passed","2026-10-04","PB: Book Detail Page Spec (PB §6.3)","product-bible.spec.ts","",""
"","805","Register — DOMContentLoaded within 3s","chromium","2026-10-04","passed","2026-10-04","Performance: Page Load Times","performance.spec.ts","",""
"","30896","Contact Us (/contact) returns 200 and loads","chromium","2026-10-04","failed","2026-10-04","Smoke: Public Pages Load","smoke.spec.ts","",""
"","11809","Discover category navigation links are present","mobile-chrome","2026-10-04","failed","2026-10-04","Browse: Discover Screen (PB §6.8)","browse.spec.ts","",""
"","1505","No duplicate page titles across key pages","chromium","2026-10-04","failed","2026-10-04","SEO: Technical SEO","seo.spec.ts","",""
"","2673","Homepage has correct title tag","chromium","2026-10-04","passed","2026-10-04","SEO: Meta Tags","seo.spec.ts","",""
"","113","/privacy returns 200","chromium","2026-10-04","passed","2026-10-04","API: HTTP Status Codes","api.spec.ts","",""
"","48","/forgot-password returns 200","chromium","2026-10-04","passed","2026-10-04","API: HTTP Status Codes","api.spec.ts","",""
"","1074","Discover Periodicals (/discover/periodicals) returns 200 and loads","chromium","2026-10-04","passed","2026-10-04","Smoke: Public Pages Load","smoke.spec.ts","",""
"","657","Homepage has OG description","chromium","2026-10-04","passed","2026-10-04","SEO: Open Graph Tags","seo.spec.ts","",""
"","16305","Logged-in Free user can access forums (PB Q14 — read + reply access)","mobile-chrome","2026-10-04","failed","2026-10-04","PB: Forum Access Rules (PB §6.6, Q14)","product-bible.spec.ts","",""
"","1371","Preview/Sample button present (Priority 2 per PB §6.3 and §3.9)","chromium","2026-10-04","passed","2026-10-04","Browse: Book Detail Page (PB §6.3)","browse.spec.ts","",""
"","16521","Forums page requires login — redirects unauthenticated users (PB §6.6, Q14)","mobile-chrome","2026-10-04","failed","2026-10-04","Browse: Authenticated User Flows","browse.spec.ts","",""
"","2536","Forums (/forums) returns 200 and loads","mobile-chrome","2026-10-04","passed","2026-10-04","Smoke: Public Pages Load","smoke.spec.ts","",""
"","3049","Author profile pages use /author/ route (PB §6.10)","mobile-chrome","2026-10-04","passed","2026-10-04","PB: Author Profile Rules (PB §6.10, Q15, Q16)","product-bible.spec.ts","",""
